Common Keywords,Missing Keywords
problemsolving,clearly
analysis,related
data,like
science,eg
computer,visualization
experience,power
skills,responsibilities
python,seeking
communication,crossfunctional
sql,closely
,degree
,statistical
,knowledge
,various
,actionable
,strong
,bachelorâ€™s
,statistics
,develop
,presentations
,communicate
,proficiency
,analytical
,relational
,growing
,analytics
,recommendations
,visualizations
,excel
,patterns
,reports
,using
,join
,tableau
,excellent
,findings
,methods
,understand
,tool
,team
,highly
,databases
,automation
,tools
,detailoriented
,collect
,techniques
,clean
,use
,extract
,sources
,dashboards
,one
,field
,analyst
,processing
,large
,teams
,bi
,trends
,identify
,analyze
,r
,insights
,requirements
,least
,business
,datasets
,stakeholders
,work
